{
  "todos": {
    "Coordinator": {
      "1": {
        "id": "1",
        "content": "Gather required credentials and API keys",
        "details": "1. Get Supabase credentials (project URL, anon key, service role key)\n2. Get user's Gemini API key for AI routine generation\n3. Store credentials securely",
        "status": "pending",
        "priority": "high"
      },
      "2": {
        "id": "2",
        "content": "Design UI/UX specifications (optional - confirm with user)",
        "details": "User chose Option B: Proceed with clean, functional design based on detailed requirements (no custom design specs needed)",
        "status": "completed",
        "priority": "medium"
      },
      "3": {
        "id": "3",
        "content": "Develop full-stack Routina application",
        "details": "1. Set up Next.js 15 project with TypeScript, Tailwind CSS\n2. Configure Supabase (Postgres DB, Auth)\n3. Implement data model: User, Preferences, Plan, Habit, Checkin, Reminder\n4. Build AI integration: Gemini API wrapper with strict JSON validation\n5. Implement core features:\n   - Onboarding flow (role selection, goals, constraints)\n   - AI Routine Generator\n   - Daily Routine View (timeline)\n   - Habit Tracker with streaks\n   - Study Plan for students\n   - Re-plan functionality\n   - Analytics dashboard\n6. Implement authentication (Supabase Auth)\n7. Build API endpoints (plan generation, habits, analytics)\n8. Add telemetry (PostHog events)\n9. Performance optimization (caching, lazy loading)\n10. Accessibility (WCAG 2.2 AA compliance)\n11. Testing (unit + E2E with Playwright)",
        "status": "pending",
        "priority": "high"
      },
      "4": {
        "id": "4",
        "content": "Deploy to production",
        "details": "1. Deploy to Vercel (staging + production)\n2. Configure environment variables\n3. Verify deployment and functionality\n4. Provide deployment URLs and documentation",
        "status": "pending",
        "priority": "high"
      }
    }
  }
}